{
	"credit": "Made with Blockbench",
	"textures": {
		"0": "block/birch_door_top",
		"particle": "block/birch_door_top"
	},
	"elements": [
		{
			"from": [0, 0, 0],
			"to": [3, 16, 6],
			"faces": {
				"north": {"uv": [0, 0, 3, 16], "texture": "#0"},
				"east": {"uv": [11, 0, 16, 16], "texture": "#0"},
				"south": {"uv": [3, 6, 6, 10], "texture": "#0"},
				"west": {"uv": [0, 0, 6, 16], "texture": "#0"},
				"up": {"uv": [0, 0, 3, 6], "texture": "#0"},
				"down": {"uv": [0, 0, 3, 6], "texture": "#missing"}
			}
		},
		{
			"from": [0, 0, 10],
			"to": [3, 16, 16],
			"faces": {
				"north": {"uv": [7, 10, 11, 13], "rotation": 90, "texture": "#0"},
				"east": {"uv": [0, 0, 6, 16], "texture": "#0"},
				"south": {"uv": [0, 0, 3, 16], "texture": "#0"},
				"west": {"uv": [11, 0, 16, 16], "texture": "#0"},
				"up": {"uv": [13, 0, 16, 5], "rotation": 180, "texture": "#0"},
				"down": {"uv": [0, 0, 3, 6], "texture": "#missing"}
			}
		},
		{
			"from": [0, 0, 6],
			"to": [3, 6, 10],
			"faces": {
				"north": {"uv": [0, 0, 3, 6], "texture": "#missing"},
				"east": {"uv": [6, 10, 11, 16], "texture": "#0"},
				"south": {"uv": [0, 0, 3, 6], "texture": "#missing"},
				"west": {"uv": [6, 10, 11, 16], "texture": "#0"},
				"up": {"uv": [6, 10, 11, 13], "rotation": 90, "texture": "#0"},
				"down": {"uv": [0, 0, 3, 4], "texture": "#missing"}
			}
		},
		{
			"from": [0, 10, 6],
			"to": [3, 16, 10],
			"faces": {
				"north": {"uv": [0, 0, 3, 6], "texture": "#missing"},
				"east": {"uv": [6, 0, 11, 6], "texture": "#0"},
				"south": {"uv": [0, 0, 3, 6], "texture": "#missing"},
				"west": {"uv": [6, 0, 11, 6], "texture": "#0"},
				"up": {"uv": [5, 0, 8, 3], "rotation": 270, "texture": "#0"},
				"down": {"uv": [6, 10, 11, 13], "rotation": 90, "texture": "#0"}
			}
		}
	]
}