{
	"credit": "Made with Blockbench",
	"textures": {
		"0": "block/bookshelf",
		"1": "block/oak_planks",
		"particle": "block/bookshelf"
	},
	"elements": [
		{
			"from": [1, 1, 1],
			"to": [15, 15, 15],
			"faces": {
				"north": {"uv": [1, 1, 15, 14], "texture": "#0"},
				"east": {"uv": [1, 1, 15, 14], "texture": "#0"},
				"south": {"uv": [1, 1, 15, 14], "texture": "#0"},
				"west": {"uv": [1, 1, 15, 14], "texture": "#0"},
				"up": {"uv": [1, 1, 15, 14], "texture": "#0"},
				"down": {"uv": [1, 1, 15, 14], "texture": "#0"}
			}
		},
		{
			"from": [0, 0, 0],
			"to": [16, 2, 1],
			"faces": {
				"north": {"uv": [0, 14, 16, 16], "texture": "#0"},
				"east": {"uv": [15, 14, 16, 16], "texture": "#0"},
				"south": {"uv": [0, 0, 16, 2], "texture": "#missing"},
				"west": {"uv": [0, 14, 1, 16], "texture": "#0"},
				"up": {"uv": [1, 14, 14, 15], "texture": "#0"},
				"down": {"uv": [0, 15, 16, 16], "texture": "#1"}
			}
		},
		{
			"from": [0, 15, 0],
			"to": [16, 16, 16],
			"faces": {
				"north": {"uv": [0, 0, 16, 1], "texture": "#0"},
				"east": {"uv": [0, 0, 16, 1], "texture": "#0"},
				"south": {"uv": [0, 0, 16, 1], "texture": "#0"},
				"west": {"uv": [0, 0, 16, 1], "texture": "#0"},
				"up": {"uv": [0, 0, 16, 16], "texture": "#1"},
				"down": {"uv": [15, 0, 16, 16], "texture": "#0"}
			}
		},
		{
			"from": [0, 2, 0],
			"to": [2, 15, 2],
			"faces": {
				"north": {"uv": [14, 1, 16, 14], "texture": "#0"},
				"east": {"uv": [0, 1, 1, 14], "texture": "#0"},
				"south": {"uv": [1, 1, 2, 14], "texture": "#0"},
				"west": {"uv": [0, 1, 2, 14], "texture": "#0"},
				"up": {"uv": [0, 0, 2, 1], "texture": "#missing"},
				"down": {"uv": [0, 0, 2, 1], "texture": "#missing"}
			}
		},
		{
			"from": [14, 2, 0],
			"to": [16, 15, 2],
			"faces": {
				"north": {"uv": [0, 1, 2, 14], "texture": "#0"},
				"east": {"uv": [14, 1, 16, 14], "texture": "#0"},
				"south": {"uv": [0, 0, 1, 13], "texture": "#0"},
				"west": {"uv": [1, 2, 2, 15], "texture": "#0"},
				"up": {"uv": [0, 0, 2, 1], "texture": "#missing"},
				"down": {"uv": [0, 0, 2, 1], "texture": "#missing"}
			}
		},
		{
			"from": [0, 0, 1],
			"to": [1, 2, 16],
			"faces": {
				"north": {"uv": [0, 0, 1, 2], "texture": "#missing"},
				"east": {"uv": [0, 0, 15, 2], "texture": "#missing"},
				"south": {"uv": [0, 14, 1, 16], "texture": "#0"},
				"west": {"uv": [1, 14, 16, 16], "texture": "#0"},
				"up": {"uv": [1, 1, 2, 15], "texture": "#0"},
				"down": {"uv": [0, 15, 1, 0], "rotation": 180, "texture": "#1"}
			}
		},
		{
			"from": [0, 2, 14],
			"to": [2, 15, 16],
			"faces": {
				"north": {"uv": [0, 0, 1, 13], "texture": "#0"},
				"east": {"uv": [1, 1, 2, 13], "texture": "#0"},
				"south": {"uv": [0, 1, 2, 14], "texture": "#0"},
				"west": {"uv": [14, 1, 16, 14], "texture": "#0"},
				"up": {"uv": [0, 0, 2, 2], "texture": "#missing"},
				"down": {"uv": [0, 0, 2, 2], "texture": "#missing"}
			}
		},
		{
			"from": [1, 0, 15],
			"to": [16, 2, 16],
			"faces": {
				"north": {"uv": [0, 0, 15, 2], "texture": "#missing"},
				"east": {"uv": [0, 14, 1, 16], "texture": "#0"},
				"south": {"uv": [1, 14, 16, 16], "texture": "#0"},
				"west": {"uv": [0, 0, 1, 2], "texture": "#missing"},
				"up": {"uv": [1, 14, 14, 15], "texture": "#0"},
				"down": {"uv": [1, 0, 16, 1], "texture": "#1"}
			}
		},
		{
			"from": [14, 2, 14],
			"to": [16, 15, 16],
			"faces": {
				"north": {"uv": [1, 1, 2, 13], "texture": "#0"},
				"east": {"uv": [0, 1, 2, 14], "texture": "#0"},
				"south": {"uv": [14, 1, 16, 14], "texture": "#0"},
				"west": {"uv": [0, 0, 1, 13], "texture": "#0"},
				"up": {"uv": [0, 0, 2, 2], "texture": "#missing"},
				"down": {"uv": [0, 0, 2, 2], "texture": "#missing"}
			}
		},
		{
			"from": [15, 0, 1],
			"to": [16, 2, 15],
			"faces": {
				"north": {"uv": [0, 0, 1, 2], "texture": "#missing"},
				"east": {"uv": [1, 14, 15, 16], "texture": "#0"},
				"south": {"uv": [0, 0, 1, 2], "texture": "#missing"},
				"west": {"uv": [0, 0, 14, 2], "texture": "#missing"},
				"up": {"uv": [1, 1, 2, 15], "texture": "#0"},
				"down": {"uv": [15, 15, 16, 1], "rotation": 180, "texture": "#1"}
			}
		},
		{
			"from": [1, 0, 1],
			"to": [15, 1, 15],
			"faces": {
				"north": {"uv": [0, 0, 14, 1], "texture": "#missing"},
				"east": {"uv": [0, 0, 14, 1], "texture": "#missing"},
				"south": {"uv": [0, 0, 14, 1], "texture": "#missing"},
				"west": {"uv": [0, 0, 14, 1], "texture": "#missing"},
				"up": {"uv": [0, 0, 14, 14], "texture": "#missing"},
				"down": {"uv": [15, 15, 1, 1], "rotation": 180, "texture": "#1"}
			}
		}
	],
	"display": {
		"thirdperson_righthand": {
			"rotation": [75, 45, 0],
			"translation": [0, 2.5, 0],
			"scale": [0.375, 0.375, 0.375]
		},
		"thirdperson_lefthand": {
			"rotation": [75, 45, 0],
			"translation": [0, 2.5, 0],
			"scale": [0.375, 0.375, 0.375]
		},
		"firstperson_righthand": {
			"rotation": [0, 45, 0],
			"scale": [0.4, 0.4, 0.4]
		},
		"firstperson_lefthand": {
			"rotation": [0, 225, 0],
			"scale": [0.4, 0.4, 0.4]
		},
		"ground": {
			"translation": [0, 3, 0],
			"scale": [0.25, 0.25, 0.25]
		},
		"gui": {
			"rotation": [30, 225, 0],
			"scale": [0.625, 0.625, 0.625]
		},
		"fixed": {
			"scale": [0.5, 0.5, 0.5]
		}
	}
}