{
	"credit": "Made with Blockbench",
	"textures": {
		"0": "block/jack_o_lantern",
		"1": "block/pumpkin_side",
		"2": "block/pumpkin_top",
		"particle": "block/jack_o_lantern"
	},
	"elements": [
		{
			"from": [0, 0, 1],
			"to": [16, 16, 16],
			"faces": {
				"north": {"uv": [0, 0, 16, 16], "texture": "#0"},
				"east": {"uv": [0, 0, 15, 16], "texture": "#1"},
				"south": {"uv": [0, 0, 16, 16], "texture": "#1"},
				"west": {"uv": [1, 0, 16, 16], "texture": "#1"},
				"up": {"uv": [0, 1, 16, 16], "texture": "#2"},
				"down": {"uv": [0, 0, 16, 15], "texture": "#1"}
			}
		},
		{
			"from": [0, 0, 0],
			"to": [5, 2, 1],
			"faces": {
				"north": {"uv": [11, 14, 16, 16], "texture": "#0"},
				"east": {"uv": [0, 14, 1, 16], "texture": "#0"},
				"south": {"uv": [0, 0, 5, 2], "texture": "#missing"},
				"west": {"uv": [0, 11, 1, 16], "texture": "#1"},
				"up": {"uv": [0, 15, 3, 16], "texture": "#0"},
				"down": {"uv": [0, 15, 5, 16], "texture": "#0"}
			}
		},
		{
			"from": [11, 0, 0],
			"to": [16, 2, 1],
			"faces": {
				"north": {"uv": [0, 14, 5, 16], "texture": "#0"},
				"east": {"uv": [0, 12, 1, 16], "texture": "#1"},
				"south": {"uv": [0, 0, 5, 2], "texture": "#missing"},
				"west": {"uv": [0, 9, 1, 11], "texture": "#0"},
				"up": {"uv": [0, 15, 3, 16], "texture": "#0"},
				"down": {"uv": [0, 15, 5, 16], "texture": "#1"}
			}
		},
		{
			"from": [9, 0, 0],
			"to": [11, 1, 1],
			"faces": {
				"north": {"uv": [5, 15, 7, 16], "texture": "#0"},
				"east": {"uv": [0, 0, 1, 1], "texture": "#missing"},
				"south": {"uv": [0, 0, 2, 1], "texture": "#missing"},
				"west": {"uv": [0, 0, 1, 1], "texture": "#missing"},
				"up": {"uv": [0, 15, 3, 16], "texture": "#0"},
				"down": {"uv": [0, 15, 2, 16], "texture": "#1"}
			}
		},
		{
			"from": [7, 0, 0],
			"to": [9, 3, 1],
			"faces": {
				"north": {"uv": [7, 13, 9, 16], "texture": "#0"},
				"east": {"uv": [0, 14, 1, 16], "texture": "#0"},
				"south": {"uv": [0, 0, 2, 3], "texture": "#missing"},
				"west": {"uv": [0, 9, 1, 11], "texture": "#0"},
				"up": {"uv": [0, 15, 3, 16], "texture": "#0"},
				"down": {"uv": [0, 15, 2, 16], "texture": "#0"}
			}
		},
		{
			"from": [5, 0, 0],
			"to": [7, 1, 1],
			"faces": {
				"north": {"uv": [10, 15, 12, 16], "texture": "#0"},
				"east": {"uv": [0, 0, 1, 1], "texture": "#missing"},
				"south": {"uv": [0, 0, 2, 1], "texture": "#missing"},
				"west": {"uv": [0, 0, 1, 1], "texture": "#missing"},
				"up": {"uv": [0, 15, 3, 16], "texture": "#0"},
				"down": {"uv": [0, 15, 2, 16], "texture": "#0"}
			}
		},
		{
			"from": [6, 1, 0],
			"to": [7, 2, 1],
			"faces": {
				"north": {"uv": [9, 14, 10, 15], "texture": "#0"},
				"east": {"uv": [0, 0, 1, 1], "texture": "#missing"},
				"south": {"uv": [0, 0, 1, 1], "texture": "#missing"},
				"west": {"uv": [0, 9, 1, 11], "texture": "#0"},
				"up": {"uv": [0, 15, 3, 16], "texture": "#0"},
				"down": {"uv": [0, 0, 1, 1], "texture": "#missing"}
			}
		},
		{
			"from": [9, 1, 0],
			"to": [10, 2, 1],
			"faces": {
				"north": {"uv": [6, 14, 7, 15], "texture": "#0"},
				"east": {"uv": [0, 14, 1, 16], "texture": "#0"},
				"south": {"uv": [0, 0, 1, 1], "texture": "#missing"},
				"west": {"uv": [0, 0, 1, 1], "texture": "#missing"},
				"up": {"uv": [0, 15, 3, 16], "texture": "#0"},
				"down": {"uv": [0, 0, 1, 1], "texture": "#missing"}
			}
		},
		{
			"from": [13, 2, 0],
			"to": [16, 4, 1],
			"faces": {
				"north": {"uv": [0, 12, 3, 14], "texture": "#0"},
				"east": {"uv": [0, 12, 1, 16], "texture": "#1"},
				"south": {"uv": [0, 0, 3, 2], "texture": "#missing"},
				"west": {"uv": [0, 9, 1, 11], "texture": "#0"},
				"up": {"uv": [0, 15, 3, 16], "texture": "#0"},
				"down": {"uv": [0, 0, 3, 1], "texture": "#missing"}
			}
		},
		{
			"from": [0, 2, 0],
			"to": [3, 4, 1],
			"faces": {
				"north": {"uv": [13, 12, 16, 14], "texture": "#0"},
				"east": {"uv": [0, 14, 1, 16], "texture": "#0"},
				"south": {"uv": [0, 0, 3, 2], "texture": "#missing"},
				"west": {"uv": [0, 11, 1, 16], "texture": "#1"},
				"up": {"uv": [0, 15, 3, 16], "texture": "#0"},
				"down": {"uv": [0, 0, 3, 1], "texture": "#missing"}
			}
		},
		{
			"from": [0, 4, 0],
			"to": [2, 5, 1],
			"faces": {
				"north": {"uv": [14, 11, 16, 12], "texture": "#0"},
				"east": {"uv": [0, 14, 1, 16], "texture": "#0"},
				"south": {"uv": [0, 0, 2, 1], "texture": "#missing"},
				"west": {"uv": [0, 11, 1, 16], "texture": "#1"},
				"up": {"uv": [0, 0, 2, 1], "texture": "#missing"},
				"down": {"uv": [0, 0, 2, 1], "texture": "#missing"}
			}
		},
		{
			"from": [14, 4, 0],
			"to": [16, 5, 1],
			"faces": {
				"north": {"uv": [0, 11, 2, 12], "texture": "#0"},
				"east": {"uv": [0, 12, 1, 16], "texture": "#1"},
				"south": {"uv": [0, 0, 2, 1], "texture": "#missing"},
				"west": {"uv": [0, 9, 1, 11], "texture": "#0"},
				"up": {"uv": [0, 0, 2, 1], "texture": "#missing"},
				"down": {"uv": [0, 0, 2, 1], "texture": "#missing"}
			}
		},
		{
			"from": [4, 4, 0],
			"to": [6, 5, 1],
			"faces": {
				"north": {"uv": [4, 11, 6, 12], "texture": "#0"},
				"east": {"uv": [0, 14, 1, 16], "texture": "#0"},
				"south": {"uv": [0, 0, 8, 1], "texture": "#missing"},
				"west": {"uv": [0, 9, 1, 11], "texture": "#0"},
				"up": {"uv": [0, 0, 8, 1], "texture": "#missing"},
				"down": {"uv": [0, 15, 8, 16], "texture": "#0"}
			}
		},
		{
			"from": [0, 11, 0],
			"to": [16, 16, 1],
			"faces": {
				"north": {"uv": [0, 0, 16, 5], "texture": "#0"},
				"east": {"uv": [0, 0, 1, 5], "texture": "#1"},
				"south": {"uv": [0, 0, 16, 5], "texture": "#missing"},
				"west": {"uv": [0, 0, 1, 5], "texture": "#1"},
				"up": {"uv": [0, 0, 16, 1], "texture": "#2"},
				"down": {"uv": [0, 15, 8, 16], "texture": "#0"}
			}
		},
		{
			"from": [0, 5, 0],
			"to": [16, 8, 1],
			"faces": {
				"north": {"uv": [0, 8, 16, 11], "texture": "#0"},
				"east": {"uv": [0, 8, 1, 11], "texture": "#1"},
				"south": {"uv": [0, 0, 16, 3], "texture": "#missing"},
				"west": {"uv": [0, 8, 1, 11], "texture": "#1"},
				"up": {"uv": [0, 15, 3, 16], "texture": "#0"},
				"down": {"uv": [0, 15, 16, 16], "texture": "#0"}
			}
		},
		{
			"from": [0, 8, 0],
			"to": [3, 11, 1],
			"faces": {
				"north": {"uv": [13, 5, 16, 8], "texture": "#0"},
				"east": {"uv": [0, 13, 1, 16], "texture": "#0"},
				"south": {"uv": [0, 0, 3, 3], "texture": "#missing"},
				"west": {"uv": [0, 4, 1, 9], "texture": "#1"},
				"up": {"uv": [0, 0, 3, 1], "texture": "#missing"},
				"down": {"uv": [0, 0, 3, 1], "texture": "#missing"}
			}
		},
		{
			"from": [6, 8, 0],
			"to": [10, 11, 1],
			"faces": {
				"north": {"uv": [6, 5, 10, 8], "texture": "#0"},
				"east": {"uv": [0, 13, 1, 16], "texture": "#0"},
				"south": {"uv": [0, 0, 4, 3], "texture": "#missing"},
				"west": {"uv": [0, 13, 1, 16], "texture": "#0"},
				"up": {"uv": [0, 0, 4, 1], "texture": "#missing"},
				"down": {"uv": [0, 0, 4, 1], "texture": "#missing"}
			}
		},
		{
			"from": [13, 8, 0],
			"to": [16, 11, 1],
			"faces": {
				"north": {"uv": [0, 5, 3, 8], "texture": "#0"},
				"east": {"uv": [0, 6, 1, 9], "texture": "#1"},
				"south": {"uv": [0, 0, 3, 3], "texture": "#missing"},
				"west": {"uv": [0, 13, 1, 16], "texture": "#0"},
				"up": {"uv": [0, 0, 3, 1], "texture": "#missing"},
				"down": {"uv": [0, 0, 3, 1], "texture": "#missing"}
			}
		},
		{
			"from": [12, 10, 0],
			"to": [13, 11, 1],
			"faces": {
				"north": {"uv": [3, 5, 4, 6], "texture": "#0"},
				"east": {"uv": [0, 0, 1, 1], "texture": "#missing"},
				"south": {"uv": [0, 0, 1, 1], "texture": "#missing"},
				"west": {"uv": [0, 13, 1, 16], "texture": "#0"},
				"up": {"uv": [0, 0, 1, 1], "texture": "#missing"},
				"down": {"uv": [0, 15, 8, 16], "texture": "#0"}
			}
		},
		{
			"from": [3, 10, 0],
			"to": [4, 11, 1],
			"faces": {
				"north": {"uv": [0, 0, 1, 1], "texture": "#0"},
				"east": {"uv": [0, 13, 1, 16], "texture": "#0"},
				"south": {"uv": [0, 0, 1, 1], "texture": "#missing"},
				"west": {"uv": [0, 0, 1, 1], "texture": "#missing"},
				"up": {"uv": [0, 0, 1, 1], "texture": "#missing"},
				"down": {"uv": [0, 15, 8, 16], "texture": "#0"}
			}
		},
		{
			"from": [10, 4, 0],
			"to": [12, 5, 1],
			"faces": {
				"north": {"uv": [4, 11, 6, 12], "texture": "#0"},
				"east": {"uv": [0, 14, 1, 16], "texture": "#0"},
				"south": {"uv": [0, 0, 8, 1], "texture": "#missing"},
				"west": {"uv": [0, 10, 1, 12], "texture": "#0"},
				"up": {"uv": [0, 0, 8, 1], "texture": "#missing"},
				"down": {"uv": [0, 15, 8, 16], "texture": "#0"}
			}
		},
		{
			"from": [7, 4, 0],
			"to": [9, 5, 1],
			"faces": {
				"north": {"uv": [7, 11, 9, 12], "texture": "#0"},
				"east": {"uv": [0, 14, 1, 16], "texture": "#0"},
				"south": {"uv": [0, 0, 8, 1], "texture": "#missing"},
				"west": {"uv": [0, 10, 1, 12], "texture": "#0"},
				"up": {"uv": [0, 0, 8, 1], "texture": "#missing"},
				"down": {"uv": [0, 15, 8, 16], "texture": "#0"}
			}
		}
	],
	"display": {
		"thirdperson_righthand": {
			"rotation": [75, 45, 0],
			"translation": [0, 2.5, 0],
			"scale": [0.375, 0.375, 0.375]
		},
		"thirdperson_lefthand": {
			"rotation": [75, 45, 0],
			"translation": [0, 2.5, 0],
			"scale": [0.375, 0.375, 0.375]
		},
		"firstperson_righthand": {
			"rotation": [0, 45, 0],
			"scale": [0.4, 0.4, 0.4]
		},
		"firstperson_lefthand": {
			"rotation": [0, 225, 0],
			"scale": [0.4, 0.4, 0.4]
		},
		"ground": {
			"translation": [0, 3, 0],
			"scale": [0.25, 0.25, 0.25]
		},
		"gui": {
			"rotation": [30, 225, 0],
			"scale": [0.625, 0.625, 0.625]
		},
		"fixed": {
			"scale": [0.5, 0.5, 0.5]
		}
	}
}