{
	"credit": "Made with Blockbench",
	"textures": {
		"0": "block/jungle_door_top",
		"particle": "block/jungle_door_top"
	},
	"elements": [
		{
			"from": [0, 0, 0],
			"to": [3, 16, 5],
			"faces": {
				"north": {"uv": [0, 0, 3, 16], "texture": "#0"},
				"east": {"uv": [12, 0, 16, 16], "texture": "#0"},
				"south": {"uv": [12, 6, 16, 13], "texture": "#0"},
				"west": {"uv": [0, 0, 5, 16], "texture": "#0"},
				"up": {"uv": [0, 0, 3, 5], "texture": "#0"},
				"down": {"uv": [0, 0, 3, 5], "texture": "#missing"}
			}
		},
		{
			"from": [0, 0, 11],
			"to": [3, 16, 16],
			"faces": {
				"north": {"uv": [12, 6, 16, 13], "texture": "#0"},
				"east": {"uv": [0, 0, 5, 16], "texture": "#0"},
				"south": {"uv": [0, 0, 3, 16], "texture": "#0"},
				"west": {"uv": [12, 0, 16, 16], "texture": "#0"},
				"up": {"uv": [13, 0, 16, 5], "rotation": 180, "texture": "#0"},
				"down": {"uv": [0, 0, 3, 5], "texture": "#missing"}
			}
		},
		{
			"from": [0, 0, 5],
			"to": [3, 5, 11],
			"faces": {
				"north": {"uv": [0, 0, 3, 4], "texture": "#missing"},
				"east": {"uv": [5, 11, 12, 16], "texture": "#0"},
				"south": {"uv": [0, 0, 3, 4], "texture": "#missing"},
				"west": {"uv": [5, 11, 12, 16], "texture": "#0"},
				"up": {"uv": [12, 6, 16, 13], "texture": "#0"},
				"down": {"uv": [0, 0, 3, 7], "texture": "#missing"}
			}
		},
		{
			"from": [0, 11, 5],
			"to": [3, 16, 11],
			"faces": {
				"north": {"uv": [0, 0, 4, 8], "texture": "#missing"},
				"east": {"uv": [5, 0, 12, 5], "texture": "#0"},
				"south": {"uv": [0, 0, 4, 8], "texture": "#missing"},
				"west": {"uv": [5, 0, 12, 5], "texture": "#0"},
				"up": {"uv": [6, 0, 10, 3], "rotation": 270, "texture": "#0"},
				"down": {"uv": [12, 6, 16, 13], "texture": "#0"}
			}
		},
		{
			"from": [0, 10, 5],
			"to": [3, 11, 6],
			"faces": {
				"north": {"uv": [0, 0, 3, 1], "texture": "#0"},
				"east": {"uv": [0, 0, 3, 1], "texture": "#0"},
				"south": {"uv": [12, 6, 16, 7], "texture": "#0"},
				"west": {"uv": [0, 0, 3, 1], "texture": "#0"},
				"up": {"uv": [0, 0, 3, 1], "texture": "#0"},
				"down": {"uv": [12, 7, 16, 8], "texture": "#0"}
			}
		},
		{
			"from": [0, 10, 10],
			"to": [3, 11, 11],
			"faces": {
				"north": {"uv": [12, 6, 16, 8], "texture": "#0"},
				"east": {"uv": [0, 0, 1, 1], "texture": "#0"},
				"south": {"uv": [0, 0, 1, 1], "texture": "#0"},
				"west": {"uv": [0, 0, 1, 1], "texture": "#0"},
				"up": {"uv": [0, 0, 1, 1], "texture": "#0"},
				"down": {"uv": [12, 6, 16, 9], "texture": "#0"}
			}
		}
	]
}